<?xml version="1.0" encoding="UTF-8"?>
<project-private xmlns="http://www.netbeans.org/ns/project-private/1">
    <editor-bookmarks xmlns="http://www.netbeans.org/ns/editor-bookmarks/2" lastBookmarkId="0"/>
    <open-files xmlns="http://www.netbeans.org/ns/projectui-open-files/2">
        <group>
            <file>file:/C:/projetos/java/Rodizio/src/br/mackenzie/es/Placa.java</file>
            <file>file:/C:/projetos/java/Rodizio/src/br/mackenzie/es/Rodizio.java</file>
            <file>file:/C:/projetos/java/Rodizio/test/br/mackenzie/es/test/RodizioTest.java</file>
        </group>
    </open-files>
</project-private>
